,In-degree,Out-degree,Betweenness,Closeness,Eigenvector
aaronbrockett12,529.0,565.0,0.08940937472495468,0.765248409391024,0.12749741947719787
adamfennel,10.0,59.00000000000001,2.382646719322644e-05,0.45979437106769183,0.006049669920668236
ridiculeslie,37.0,33.0,3.75596258065668e-05,0.47138860953121436,0.016554216299184597
lindakeyesmd,7.0,50.0,6.236016363065235e-06,0.4534216147119373,0.004833900514412594
quantum_graeme,23.0,87.0,0.00010843527972234471,0.4585055291025406,0.00822739521151547
boulders4people,106.0,260.0,0.0026719579011193826,0.5009857504053029,0.03318304429156258
allontheline_co,57.0,98.00000000000001,0.0011978410520310017,0.49305756596030564,0.020682089631708787
megandawso,2.9999999999999996,15.0,6.016605238171696e-07,0.4361915933528837,0.0018385456229269455
andreitr,34.0,21.0,4.864217442345276e-05,0.46272092647052726,0.011418158461532142
gogocaitlin,28.999999999999996,23.0,1.9106609646570707e-05,0.4680167310653258,0.012789125494456485
sjparady,38.0,140.0,0.0003149385193765449,0.48322554655046196,0.013301498490504453
terravoz,10.0,19.0,3.893867277042138e-07,0.45185593234069443,0.005677703492552333
boulderlauren4,187.99999999999997,222.0,0.005993525556829484,0.5385081399418318,0.05033306556639892
abbysbenson,28.0,56.0,9.589614519533338e-05,0.4734351592107999,0.01272620301201172
eldogal,31.0,119.00000000000001,0.000169325257736826,0.4653537624675146,0.012027867976302571
angryblacklady,118.00000000000001,22.0,0.0006246965468581697,0.5234299120234605,0.03783086858446877
courtneywalsh,57.99999999999999,104.0,0.00040908215016911245,0.49305756596030564,0.02297984860745393
feetfoward80303,4.0,2.9999999999999996,0.0,0.4475289945481023,0.0030108582029672007
jonokupferberg,39.0,59.00000000000001,5.896769691642353e-05,0.4696966188293794,0.016312129241987355
mfaltynski,23.0,79.0,4.1087709409971564e-05,0.45786381387636493,0.010060603178033846
markgelband,219.0,218.0,0.005154343785954635,0.5544808390079029,0.06487475575722569
nicolerajpal,35.0,70.0,0.00012554966769049044,0.47104923688216377,0.013864813354687837
jayarehart,9.0,36.0,1.1114675955682221e-05,0.4405975690433168,0.0036808448327241305
kaylaqfrawley,52.0,138.0,0.00022094956010185152,0.48215725131122,0.01888642538446343
jpstrategiesco,51.0,128.0,0.0003966275781487452,0.48609761517780503,0.017565626740295458
tummycom,7.0,17.0,1.0845594150205024e-05,0.4460036741849526,0.0033161960414901603
narebdenver,63.0,84.0,0.0003210116090521466,0.48900402842251534,0.021429797657946576
doug_c_hamilton,17.0,88.0,3.3305481641363254e-05,0.45531481560843806,0.007768437812014008
aliciaheim3,13.0,64.0,1.1781824430719727e-05,0.45373605411187623,0.006985742781293658
coevictiondef,60.0,81.0,0.00020654033615390773,0.48754649033481784,0.021492246560295077
jshapes,18.0,55.0,2.006405309923081e-05,0.4670145539110104,0.0110302750597924
moe_clark15,111.0,125.0,0.0010457741865233488,0.5099667887991626,0.03931391694864195
annie_mehl,40.0,31.0,3.30997429246646e-05,0.4796828372649014,0.014705781008516312
syoungreports,52.0,81.0,0.00013953443729249762,0.4807401837100114,0.022142738928724662
secretarypete,66.0,7.0,3.1879584348618136e-05,0.5009857504053029,0.018244154915308876
revlamarche,37.0,119.00000000000001,0.00018264405609259336,0.4758453745667822,0.015275534649502275
rwallaceesq,100.0,90.0,0.0004164592350059775,0.5032979923302504,0.03526464290788777
carlcastilloco,5.999999999999999,40.0,4.566394366151417e-06,0.44238498311651486,0.0036173249602825717
castellanochels,160.0,284.0,0.003909742531419444,0.5263776267331661,0.051385333921009885
kristeneller9,114.0,229.0,0.0016277918512973308,0.5025248771346587,0.0370553640093297
marshalljdc,52.0,18.0,3.480590634079639e-05,0.48251282450540234,0.020909493898047457
dawnreinfeld,47.99999999999999,71.0,0.00020126866733429958,0.4853764020989062,0.017955888775353694
gurdeeppandher,27.0,0.0,0.0,0.47178130883286146,0.006175072879308186
lucy_haggard,103.0,153.0,0.0011954348187241573,0.505241227821873,0.03646820466776974
everydayepics1,20.0,55.0,5.1248780521953915e-05,0.46304840058692537,0.008095857837224845
nprivera,129.0,81.0,0.0008873213509458139,0.5103645788060261,0.03980117531283252
tedrock,19.0,41.0,1.509902587365778e-05,0.45531481560843806,0.007852232035417654
nasapersevere,64.0,2.0,4.112356231860239e-06,0.5013696475320503,0.014104378507771648
wolfmanhorsecow,63.0,80.0,0.00022389267689255964,0.48251282450540234,0.02226873864651214
kerrydonovanco,199.0,55.0,0.0005649612743706382,0.5512109435798866,0.0572354644656261
honeycuttjenny,19.0,79.0,2.9553532559198506e-05,0.4591490456346144,0.009522038719266577
progressnowco,158.0,120.0,0.001812736343242151,0.53411215512598,0.0532429660968567
butlerforward1,42.0,94.99999999999999,0.00012735242300903883,0.48286892253086755,0.01815465935693981
cookies4cures,13.0,20.0,5.595477828007093e-06,0.46141564882180924,0.0063272007420983965
kevinjdaly21,5.999999999999999,78.0,5.318895200210716e-05,0.44691761614024966,0.0036803838642740926
pvogren,49.00000000000001,45.0,4.969617376555283e-05,0.47377797974607205,0.019792720902443512
potus,271.0,2.9999999999999996,0.008817006070521424,0.6114835420834819,0.06862343495383977
annaikurtz,25.0,71.0,6.910364529984196e-05,0.4640336099498763,0.010657655355110077
danwilliams303,188.99999999999997,205.0,0.004597686367989147,0.5416286341302364,0.05176449003214824
senatorhick,93.0,30.0,0.0003111607142354128,0.5115616810237104,0.02731857668226584
iansilverii,138.0,128.0,0.0014698877061352167,0.5246891660219131,0.047148617101954275
alexramses3,5.0,23.0,1.8718852471328325e-06,0.44691761614024966,0.003988974875399288
denbicyclelobby,64.0,103.0,0.0006481023791154433,0.4800347689136651,0.020277915754675174
thenationreport,65.0,134.0,0.0005268002407067118,0.48465732594764854,0.021620257515012977
masonjroberts,33.0,100.0,0.00010122024650850723,0.47138860953121436,0.014359411699771625
silasatkins2,27.0,74.0,3.493752668338273e-05,0.4581844467992476,0.011402237907056884
schoolfoodproj,28.0,40.0,9.455820135563159e-05,0.4680167310653258,0.00972004760257975
boulderrl,60.0,95.99999999999999,0.000283458356159428,0.4864590260441082,0.023882292699957897
sharonstolt,23.999999999999996,68.0,4.586146315482248e-05,0.4650230206320722,0.011939937656155085
sarahfriend04,18.0,44.0,7.557726964676901e-05,0.46141564882180924,0.008579591598102334
coombsforaurora,72.0,89.0,0.00025931399183123347,0.4926862876726849,0.024978343835265135
nednoni,4.0,8.0,1.3522065768103603e-06,0.44691761614024966,0.002645173994301795
xandermartinco,52.0,108.0,0.00020909449922214862,0.48465732594764854,0.02238817066257679
callierennison,75.0,107.0,0.0005329758798844636,0.4941747658831764,0.027060803463567498
djswearingen,176.0,130.0,0.0016216723891194287,0.5367410910823015,0.05578050098278368
nicolekspeer,195.00000000000003,189.99999999999997,0.004449352320084308,0.546149741259871,0.05610887683452171
randimccallian,56.0,118.00000000000001,0.0003335002633251264,0.48465732594764854,0.018996830164864656
yellowscenemag,99.0,218.0,0.0027785798031767996,0.505241227821873,0.03446913202294729
galaorba,23.999999999999996,5.999999999999999,2.397570835757775e-06,0.4540509299301357,0.008879650732537828
leslieherod,202.0,122.0,0.002106574532641848,0.5563668282562292,0.06167110731738017
allifronzaglia,19.0,60.0,3.872456915534245e-05,0.4585055291025406,0.008718575997635546
diversifycunow,32.0,55.0,5.458869099527646e-05,0.4696966188293794,0.012488319750580203
paigehenchen,35.0,142.0,0.00021218015094478227,0.4779308911828528,0.015268632285106361
sbcactiongroup,102.0,119.00000000000001,0.000873204391826138,0.5009857504053029,0.034169365101106686
boundsa,137.0,72.0,0.0007665177742015966,0.5221766879723267,0.04517731618565788
rj_boyle_,89.0,125.0,0.0004598686557839799,0.4908382520850154,0.031383578203396156
marta4boco,110.0,39.0,0.0002683664939663902,0.5095696184029015,0.037057128331784386
gregibrown,23.0,61.0,2.044560572835903e-05,0.464362945372126,0.011823505363564803
mariahmcp,17.0,42.0,1.2396656961693636e-05,0.45979437106769183,0.008449456684876793
newslineco,144.0,32.0,0.00015558925168247386,0.5246891660219131,0.047138763759015406
ikemccorkle,30.0,92.0,0.0001023024635255894,0.47619169580009135,0.010947776377971362
sigmastarstate,35.0,54.0,8.95636976898047e-05,0.47003404456129705,0.01317627695931598
rmayorrchoice,79.0,120.0,0.000458579592277053,0.4926862876726849,0.028354245959796208
katrinadoumbia,17.0,103.0,6.776222713698516e-05,0.45786381387636493,0.00788385958091843
jpnavin,14.0,38.0,1.3275265609364871e-05,0.46206736583991914,0.007621342092568222
sarahcpr,183.0,40.0,0.0014894443091181782,0.5601775599566142,0.04539872511268561
emmaathenam,78.0,69.0,0.00027263257225831536,0.49157580017229563,0.029100231724730644
joebiden,339.0,5.0,0.0015429162755542483,0.6484513280766359,0.08062784898250676
shannonmarcom,28.999999999999996,182.0,0.0002660827619039242,0.47138860953121436,0.011690244958105141
mlms13,17.0,18.0,4.550463978326645e-06,0.45882706173164484,0.008352186362771942
jacobko,50.0,197.00000000000003,0.0004514270740119155,0.47377797974607205,0.019416513075755287
quasiseppo,36.0,74.0,8.816859582655822e-05,0.4707103525390831,0.01585023340447106
cpm5280,32.0,121.0,0.00021598136703603824,0.4758453745667822,0.014025163530400137
coblackpacker,146.0,102.0,0.0013555257338748081,0.5242687420106775,0.04539644571444227
tilaesq,52.0,21.0,1.5281093259422823e-05,0.4758453745667822,0.022365365663408802
nkjemisin,42.0,11.0,4.39212719744405e-05,0.48215725131122,0.010886898995133896
ryancbradley23,2.9999999999999996,7.0,1.199449209876207e-07,0.44448871605253093,0.0025504521873209967
rogerpielkejr,62.0,91.0,0.0007515514324867097,0.49157580017229563,0.023574575218292967
beninboulder,59.00000000000001,67.0,0.00032587607524845765,0.47933142126690514,0.0237333451877248
krista93,38.0,25.0,1.3557345589493904e-05,0.463376338547681,0.01602858606955424
hailey_hugest,53.0,71.0,0.00020636927899644577,0.4772336907580784,0.01911151089254727
amynel0426,81.0,42.0,0.00018488490722779605,0.49231556811837884,0.026476913766093967
puppiesonmtsyay,78.0,125.0,0.0007455862170053617,0.4941747658831764,0.02911597144462114
meaggagan,70.0,118.00000000000001,0.00035492216984506865,0.4853764020989062,0.026803771408158084
__sarahregan__,61.0,136.0,0.00024393564094049567,0.48573674092748736,0.02436452069317515
chrisvanderveen,127.0,107.0,0.0012259802671459956,0.5242687420106775,0.042870073208727835
johnweiss,27.0,17.0,2.1070345099854885e-05,0.4696966188293794,0.011018954702998471
ryanschuchard,101.0,282.0,0.002157090545046716,0.5002197171478024,0.03397448297907463
wheredidkylego,17.0,0.0,0.0,0.4631247710561117,0.005415871837662292
lilahickey,95.99999999999999,28.0,0.00011223017642452671,0.49831484389133696,0.032716705470182454
christineychen,115.99999999999999,206.0,0.0020680738006156334,0.5095696184029015,0.03833126619073754
bkeegan,86.0,148.0,0.0006337624445417287,0.4956722651737315,0.029776162845376448
bvsdcolorado,170.0,49.00000000000001,0.0006435454602300284,0.5367410910823015,0.04788851348490241
covidincolorado,47.99999999999999,107.0,0.00022083613023007924,0.48322554655046196,0.019740096169292672
reallisacsmith,22.0,59.00000000000001,2.2834069462116636e-05,0.4703719554488322,0.011455695357177647
katiemalz,55.0,63.0,0.00011976163042456975,0.48501659750135323,0.022402274142176215
mizlizhanson,35.0,43.0,5.178683448668512e-05,0.47549955670735866,0.0153089341939571
daviddortizco,86.0,107.0,0.00037690977101837765,0.5009857504053029,0.031038122695650008
boulder_bcycle,165.0,138.0,0.0020654485619362862,0.5302166855991293,0.05726431740250162
ewarren,276.0,14.0,0.0007083561257107657,0.6086394325854191,0.06843018868970806
jefflesser,30.0,71.0,0.00011559521445593351,0.4637047413389976,0.01197755704037582
newr_boulder,191.99999999999997,435.0,0.010245475245368584,0.5376231635409413,0.053081630051872
annasegur,75.0,108.0,0.00030456752236788544,0.49010291387964455,0.02978411801556033
myerman,95.99999999999999,191.99999999999997,0.0011293757467630494,0.5002197171478024,0.034024542898422716
devinphughes,26.0,49.00000000000001,4.9253301894561444e-05,0.4666814479524433,0.011324126365947478
homewantedboco,50.0,73.0,0.0001418988325752557,0.4707103525390831,0.01950094215506703
missioncrtclpr,11.0,36.0,3.8914074827432735e-06,0.457223892403442,0.007553327908811707
adam_estroff,59.00000000000001,101.0,0.00029844278085883473,0.4879100596788408,0.023111672347882882
rmontonio,13.0,51.0,1.2870397750018035e-05,0.4617412773672022,0.007626125021644421
neeshaschnepf,33.0,50.0,3.6390917126364526e-05,0.460441513039638,0.01486747128331578
lorenaforsenate,90.0,111.0,0.0004977146089735321,0.49907504960284177,0.03129311161602455
thomasacquinas,16.0,40.0,3.492707784759538e-05,0.46011771450726124,0.007632462498739136
byaaronc,61.0,88.0,0.00021789791525982127,0.4818022017888995,0.023412528716664736
mjp39,15.0,57.99999999999999,1.9264116682677447e-05,0.4540509299301357,0.007032760393140812
erinhott,60.0,77.0,0.00026653540960614163,0.4864590260441082,0.019761130487062507
boulderhistory,45.0,56.0,0.00010435112540650411,0.47515424112514565,0.01727215448312538
jeffreybweiss,16.0,47.99999999999999,3.796906394838062e-05,0.46011771450726124,0.008066434272087164
boazhsan,21.0,105.0,0.00010334230560399633,0.4556318872070512,0.009011273326513485
racheljowalker,28.0,60.0,0.00010936141249709021,0.4724096678912098,0.014033365739141013
kvetchsesh,7.0,43.0,1.099280991212901e-05,0.456904601975786,0.004993249846776529
nealhenderson,65.0,57.0,0.00018296233639896752,0.48900402842251534,0.025350529328240293
cynthiacbeard,28.999999999999996,74.0,9.329919374686167e-05,0.47003404456129705,0.012459335119174192
wmb_phd,21.0,44.0,2.0113260258133846e-05,0.460441513039638,0.009601446957153533
bambiwineland,9.0,36.0,9.1472838338848e-06,0.4503010254847388,0.005980275693260734
five9a2,28.0,90.0,0.00022217894692617025,0.4730928344391363,0.011764606840314188
andrewromanoff,150.0,146.0,0.0022844353185398824,0.530646707241951,0.04723937842799083
zacramer,71.0,224.0,0.0009009947630395334,0.48863882750509746,0.02725170719361629
seacee8,30.0,163.0,0.00018519271348696746,0.464362945372126,0.012488270407292617
maliksalsberry,11.0,23.999999999999996,3.884794669335456e-06,0.4509217022945042,0.005832686434919751
mwhitehorn07,26.0,98.00000000000001,8.64742601071787e-05,0.47377797974607205,0.011595334200245505
charlottecpitts,101.0,118.00000000000001,0.0006324383785117812,0.49983757832645187,0.03675694141983119
schauer_ken,20.0,80.0,3.751054741480611e-05,0.456904601975786,0.007298379043493897
peaksoil,33.0,83.0,0.00016139888009318763,0.4768858527910536,0.014547248121142352
osmanparvez,53.0,0.0,0.0,0.4765779234469936,0.018620549789221008
elliottvhood,25.0,116.99999999999999,0.00011545498611202988,0.47138860953121436,0.011178462360216338
boopasaurusrex,11.999999999999998,18.0,3.588664548687218e-06,0.4546819944609628,0.005935371695703874
lsweeneymiran,262.0,492.0,0.01978448562374562,0.5831438413808605,0.07100461447186672
mcam_33,15.0,54.0,2.2020836017807925e-05,0.46272092647052726,0.009463187272514252
ejoep,61.0,131.0,0.0005371430341216674,0.48900402842251534,0.024723419536795063
jhvansant,92.0,101.0,0.0005588921178787539,0.4986946570345469,0.03351393433984754
mdy1,93.0,119.00000000000001,0.0017281624804454181,0.5087771306604398,0.03438473366830077
bluerisingpac,46.99999999999999,90.0,0.000189365539282034,0.47898051978720757,0.01700781992102204
blackgirlshike,90.0,153.0,0.0009007943925046856,0.5006024407263394,0.03167786442254474
carsonblume,13.0,56.0,2.6415476555590576e-05,0.46206736583991914,0.007564467121871842
michal_rose,120.0,120.0,0.000732999569865196,0.517632428820669,0.04441850471783296
drjenho,67.0,43.0,0.00015337586203578585,0.4908382520850154,0.02471370505309396
amypaddenco,72.0,152.0,0.0011459147364306624,0.4952970401433199,0.023573919603987963
akiltykramer,118.00000000000001,154.0,0.0017721618032966663,0.5103645788060261,0.038669090831669695
trinywillerton,39.0,79.0,0.00012583653130197005,0.46768219444555076,0.01647952022912006
bouldernaacp,121.0,10.0,5.472916999599479e-05,0.5095696184029015,0.039270029787950786
bouldersunrise,38.0,36.0,5.614233941511256e-05,0.47275100435644907,0.013909081137650646
boulderarchitct,64.0,147.0,0.0005131977637721434,0.48682097472420055,0.02498677272615136
katielangford35,165.0,93.99999999999999,0.0011557609754581876,0.5376231635409413,0.05065081340005891
chipdowntown,92.0,137.0,0.0006332241260975292,0.4986946570345469,0.03708365500385926
_luistoro,93.0,125.0,0.0006216404128802982,0.505241227821873,0.038378575076310206
revivinghypatia,52.0,164.0,0.0003673038382976378,0.47898051978720757,0.0214600063542245
christinabklyn,65.0,65.0,0.0003151100846807538,0.4952970401433199,0.026482385974546212
stumpvote,10.0,21.0,1.2718915166006304e-06,0.4506111501579377,0.006611231636142278
bldrjanet,25.0,92.0,8.417815722275934e-05,0.4680167310653258,0.01134187915584583
boldernatalie,86.0,88.0,0.000506994774656445,0.4964244233909905,0.026962504088074688
nataliebrownist,47.99999999999999,86.0,0.00013075617500317416,0.47898051978720757,0.02091943522788589
mayer_water,18.0,57.0,4.300184803497762e-05,0.4527940415427858,0.007902306472841769
colorado50_50,69.0,72.0,0.00035841112126764485,0.48900402842251534,0.02389774491676606
alexmulvaney2,44.0,64.0,8.479157023659297e-05,0.4724096678912098,0.018462635456559122
gotmead,20.0,182.0,0.0001344954249300305,0.46239391521507106,0.011097328480383663
sharedpaths,28.999999999999996,43.0,3.744570008535922e-05,0.45979437106769183,0.012056692518118117
a_perr,15.0,39.0,1.3399685668189202e-05,0.460441513039638,0.008505434820457201
fkoncilja,37.0,93.0,0.000116040577115048,0.4768858527910536,0.01623249524706427
mara_mintzer,42.0,33.0,6.933259270978545e-05,0.47377797974607205,0.016763144065531144
mapragency,28.0,30.0,2.6647150462551094e-05,0.4693596772089853,0.011462816460909724
mariahwollweber,18.0,21.0,2.9384076035157817e-05,0.4696966188293794,0.00962250335188846
manofmolesto,28.999999999999996,62.0,0.00016153767110418764,0.47172847154241204,0.012665178000136041
media_climate,21.0,20.0,2.2306924027158885e-05,0.4653537624675146,0.010453921664047003
nikhilmankekar,82.0,0.0,0.0,0.4971574246867502,0.03281451119892618
chapello,15.0,39.0,1.060536768241253e-05,0.45882706173164484,0.007694434225856221
pweiser,219.0,105.0,0.0022573414833215555,0.5640408534735565,0.06664720914656562
kaneaimee,17.0,67.0,3.707537817181722e-05,0.45979437106769183,0.009220152625908652
junie4boulder,363.0,266.0,0.022152268032162754,0.6352304757566267,0.08719665813628794
denalihussin,47.99999999999999,62.0,0.00011162064114264278,0.4748094267266513,0.019069742413694316
boulderprogress,283.0,374.99999999999994,0.01617402163487824,0.5878592902329969,0.07354602206612663
susan_enfield,23.999999999999996,78.0,8.161045649892793e-05,0.4650230206320722,0.010849804956875084
cohyperloop,28.0,104.0,0.00014423471755721333,0.4734351592107999,0.011332160752525182
gilmoremal,14.0,5.0,2.2883392625286373e-07,0.4540509299301357,0.00795179517998116
daveh_co,11.0,52.0,2.853772656607764e-05,0.457223892403442,0.007171333178309806
judyamabilehd13,178.0,207.0,0.002769996199990237,0.5425268574040842,0.05787202177708115
fly_agaric,28.0,60.0,7.778538524051565e-05,0.47275100435644907,0.011053614213583309
kimschles,21.0,57.0,4.080960333474229e-05,0.4670145539110104,0.010880549784270822
dinberga07,17.0,55.0,4.617146573377021e-05,0.46304840058692537,0.00952025506385659
ismollyf,38.0,43.0,9.681415188947788e-05,0.4765385215071562,0.015143426513601642
michaelcarcaise,19.0,102.0,8.687179941795442e-05,0.46272092647052726,0.009557864684506355
mateocrosby,23.0,46.0,5.192406181254646e-05,0.4617412773672022,0.009353825691187818
legroth,124.0,149.0,0.0013386733076217684,0.5115616810237104,0.04059469585709286
cassamn,150.0,77.0,0.0004943097024155735,0.528503546065691,0.05340780938647469
justinwmcmillan,14.0,9.0,7.330821342057136e-06,0.4493732074377236,0.005435661223613483
gentellectual,26.0,140.0,0.00011713831138439059,0.4617412773672022,0.011706569308060567
alirhodes15,37.0,46.99999999999999,0.00011178453964747646,0.4741212971226997,0.014485539460329292
1markmcintyre,269.0,328.0,0.011064459111555252,0.5800420124373453,0.07313769834284363
mindymo40,30.0,52.0,0.00011652528551942338,0.47549955670735866,0.012718388095287232
repjoeneguse,273.0,103.0,0.005949980609899134,0.6035861531635844,0.07684173609892131
laurenlambertco,90.0,108.0,0.0004088866505218092,0.49907504960284177,0.036464741041585924
chazteplin,65.0,84.0,0.0003693048788562124,0.4839403772406254,0.02468511293505572
caryopter,82.0,69.0,0.00026860005529009533,0.4945482917833148,0.02988039283281337
mattfrommer,71.0,167.0,0.000566003533897113,0.48682097472420055,0.02788107669251683
kejtia,138.0,145.0,0.001405760366966629,0.520101263934281,0.04745853640626629
bococollegians,27.0,23.0,3.9089955770936785e-05,0.46568497510984025,0.010746122502824364
heypamdavis,27.0,42.0,9.289670607282636e-05,0.46768219444555076,0.011356556850635594
kaminfxhelen,19.0,61.0,6.661798686822978e-05,0.46734813573523254,0.006754621501280344
marycontrary303,62.0,137.0,0.00040291019110725386,0.48682097472420055,0.025352324124686472
daboulder20th,65.0,55.0,0.00022492378379050074,0.4926862876726849,0.026424429341394804
stdbikerepair,52.0,162.0,0.0005939190443830719,0.47549955670735866,0.02024137183019588
dr_rob_anderson,55.0,61.0,0.00021247270396846483,0.4835826977304697,0.020490850517291347
400trix,49.00000000000001,115.99999999999999,0.000268393848913505,0.4772336907580784,0.021108031110708653
anactualjohn,36.0,80.0,0.00017493416588228866,0.47549955670735866,0.015881843307758325
coloradosun,314.0,20.0,0.00032432213896257353,0.6103427145795947,0.08727738879627182
sarahdawnh,187.99999999999997,415.0,0.0076655058287845804,0.5389517216057047,0.05818564263026591
pgball,63.0,135.0,0.00044294162705314256,0.48863882750509746,0.02529964610524598
rachelkfriend,404.0,237.00000000000003,0.02123036662155504,0.6787213589515825,0.10055886140418355
stevenfrost,56.0,112.0,0.00023074578656484416,0.47549955670735866,0.02076168333254776
admiraljonjon,70.0,113.0,0.00038148393843483565,0.4807401837100114,0.026573323985141124
paulwallick,31.0,118.00000000000001,6.268969135101207e-05,0.4650230206320722,0.015440196718959829
lynnette_beck,25.0,33.0,4.6715964291957586e-05,0.47138860953121436,0.013629408273242532
shontel4rtd,104.0,87.0,0.00044999385896213,0.5044621357203743,0.03365705914028838
areyouajulie,60.0,132.0,0.00041262612720235415,0.48863882750509746,0.024246941105256947
flatironsart,17.0,49.00000000000001,2.850627313856966e-05,0.456904601975786,0.006550964591567226
kirforce,23.0,74.0,7.032171706263118e-05,0.46076576762628557,0.010805437486833259
jane_brautigam,65.0,23.999999999999996,0.00010408566637823039,0.48900402842251534,0.023879729350256552
qpyoungnews,243.0,215.0,0.005135063547165255,0.5754506508613241,0.08074662655755921
liz_marasco,191.99999999999997,369.0,0.0068509794335706265,0.5447855037712952,0.05769734001201045
codemdad,34.0,74.0,0.00010353761506201112,0.4703719554488322,0.011943253672553679
marklacis,30.0,97.00000000000001,0.00013650226250019185,0.4758453745667822,0.013099447309853915
chthiem,288.0,190.99999999999997,0.005020385034292015,0.5910455194483519,0.07748618852211218
boulder_says,40.0,63.0,9.986481421988431e-05,0.46634881684199964,0.01337880966267672
jessicagrace5,16.0,126.0,7.414571279012543e-05,0.4575436293911367,0.008121489041242672
kaoudis,39.0,33.0,3.0730424253857345e-05,0.46634881684199964,0.016228736143405663
samlounz,141.0,110.0,0.0009539963543738465,0.5234299120234605,0.04995036411843738
bouldermagazine,202.0,85.0,0.0020301366315571994,0.5516757082877956,0.0610628600702891
masynmoyer,179.0,298.0,0.004782963777148289,0.5319409675035167,0.055658508370847716
martharoskowski,77.0,79.0,0.00031027064388038593,0.48501659750135323,0.028807603738878612
fantzypants,88.0,118.00000000000001,0.0006188293606036136,0.5017541334580717,0.03497192640962252
rob_carson,11.999999999999998,83.0,3.224690488492591e-05,0.4472230963973517,0.0062299235851224505
thedancondon,22.0,106.0,6.320195102669463e-05,0.4683517466208486,0.011758990819496308
meredithinco,49.00000000000001,163.0,0.0004807759234516835,0.4800347689136651,0.022224091936499903
ahillinco_4,22.0,67.0,6.507525669918774e-05,0.4660166595650467,0.008512745525582744
piqueen314,7.0,43.0,6.1067313621022966e-06,0.4493732074377236,0.004800037665813015
bhalsey,86.0,132.0,0.0005467850048851443,0.49120674927126545,0.03196157195661848
susanlythgoe,13.0,32.0,1.0429713769390895e-05,0.45310761082363266,0.0064777405879944535
andysayler,93.0,138.0,0.0005245472892250979,0.4979356088503238,0.03667900430173322
kyleclark,315.0,174.0,0.009698311415854595,0.6231308476469767,0.09131427347004127
portiacolorado,168.0,169.0,0.0036190840365535283,0.5380652878530637,0.052853205782527085
impactoned,50.0,74.0,0.0003380582250845521,0.48322554655046196,0.01859910620181187
conor_j_may,26.0,71.0,8.966591889353466e-05,0.4591490456346144,0.011542392815605302
drstephanyrose,78.0,82.0,0.0006632875721106168,0.5013696475320503,0.02592422796480503
abbymcshannon,57.99999999999999,136.0,0.00031675222145103454,0.47898051978720757,0.024293320603151734
ryemdoubleu,149.0,226.0,0.002697796039823933,0.5164067798179365,0.046651956091304486
jasperbrockett,36.0,97.00000000000001,0.0001322275995667213,0.47206882397498234,0.014956404298167653
hansenforco,112.0,76.0,0.000730533465355233,0.5111620234604105,0.03792365906182328
tvolckhausen,19.0,23.999999999999996,3.8115156822428765e-05,0.4585055291025406,0.008008345159893139
mdpiper,18.0,30.0,3.0212774720484326e-05,0.460441513039638,0.007930089630582064
350colorado,62.0,64.0,0.0004311128623864378,0.48573674092748736,0.020699677453852493
frederickcook,28.0,63.0,8.314715914840331e-05,0.4680167310653258,0.013691697824066672
placesmakeppl,128.0,111.0,0.0008081752366352374,0.5131665804151573,0.04187324449238654
c_dan4th,17.0,34.0,2.3763837536667704e-05,0.45882706173164484,0.007807716177149541
dbseaton,49.00000000000001,144.0,0.0004524756633816359,0.4818022017888995,0.01732596733265873
downtownboulder,305.0,57.99999999999999,0.0017502288084454225,0.6041434810981768,0.08571279211624792
climatewest,73.0,84.0,0.00067491191476451,0.49047030736831,0.02432920779072524
doylealbee,88.0,143.0,0.0007886939669542517,0.5006024407263394,0.034928246685689585
dadoughertyco,122.0,94.99999999999999,0.0008317866816621403,0.520101263934281,0.042511755683502794
erabrahamson,10.0,55.0,3.080046235762207e-05,0.4453964533896021,0.005095814673504359
welcomehomebldr,229.99999999999997,214.0,0.004766558759759947,0.5587424338422934,0.06627976178636269
hollierogin,75.0,134.0,0.0009012870188665016,0.49342940424534354,0.02737658708757452
emma_vawter,74.0,161.0,0.0006003600872009194,0.4926862876726849,0.02850377217341343
calliepederson,13.0,43.0,8.557613790643e-06,0.4475289945481023,0.0072970385636872935
jenagriswold,218.0,203.0,0.010348970599925317,0.5724299125365928,0.06576540616425179
picklebric,60.0,45.0,8.055714387493252e-05,0.4803872173489908,0.024343971753306482
jmbluebird,11.0,54.0,1.201434859398057e-05,0.4493732074377236,0.005596804792414449
amac16,45.0,131.0,0.00030008030184195273,0.4744651124215558,0.018150769948267784
nickt4congress,25.0,127.0,0.00015233861466484343,0.4670145539110104,0.011223044362887059
devenshaff,31.0,147.0,0.00017165707686455771,0.47003404456129705,0.012643333755445726
bikeboulderbike,119.00000000000001,75.0,0.0005238825973497783,0.5075930101080881,0.03831648566808835
carlalaura99,16.0,90.0,3.092374273125233e-05,0.45979437106769183,0.009089111891382236
engageboulder,46.99999999999999,53.0,0.00010010696501653465,0.47138860953121436,0.017994830776156406
boulderyes2m_2n,21.0,157.0,0.00027252190653732553,0.4509217022945042,0.007132286273729073
maxboykoff,72.0,35.0,0.00027069011990786545,0.48286892253086755,0.024113289530318126
mbforboulder,205.0,219.0,0.0060352943942006895,0.5456942368885117,0.052924403589049894
jesslisi,100.0,203.0,0.001332971211420075,0.49831484389133696,0.03434957889132944
mewmewmew13,67.0,99.0,0.000234172857089639,0.4897360703812317,0.029016559533621877
trenthein,28.999999999999996,131.0,0.00022012972770325508,0.47549955670735866,0.012688494223502626
bennytheshap,44.0,97.00000000000001,0.00044277268297103093,0.48682097472420055,0.017550159739041952
kenboulder,21.0,22.0,3.4001967993443426e-05,0.4703719554488322,0.009971142374198431
andrewhomeyer,27.0,59.00000000000001,7.714867414729384e-05,0.4650230206320722,0.01066242549438
nami_knows,114.0,145.0,0.001126098858459902,0.505241227821873,0.03847521460616609
gigsforgood,19.0,62.0,3.7094447725369455e-05,0.46272092647052726,0.009575898402743512
byoutfulboulder,56.0,174.0,0.0004017725935879908,0.4800347689136651,0.022710241893503885
lisad144,25.0,84.0,0.00016930917695598182,0.46304840058692537,0.009839251090656372
joeneguse,357.0,127.0,0.011077408690037049,0.6536337562730525,0.09792418071427753
chrisfnicholson,43.0,87.0,0.0001559965022783359,0.4810936691392099,0.019624584616187924
ehernandez,214.0,139.0,0.004944245551663621,0.5669734748954294,0.0659269046155076
cprwarner,301.0,375.99999999999994,0.021162443608625375,0.6063831232894583,0.08712129432004097
kyle_mullica,81.0,30.0,4.776857101346716e-05,0.4986946570345469,0.030624521921261597
kristiankerr,23.0,130.0,0.00043190856226284907,0.4540509299301357,0.009790888742656195
tomhigley,28.999999999999996,85.0,0.00020082869320217677,0.47104923688216377,0.011745864172103177
helzapoppen,43.0,114.99999999999999,0.00032253384602914383,0.48251282450540234,0.01845087010312991
taragilboa,36.0,147.0,0.00023949447761093125,0.46568497510984025,0.014289579531882965
joinblf,62.0,54.0,0.0003048687047699883,0.4803872173489908,0.017071350785943
yimbyindenver,81.0,73.0,0.0002911095707876987,0.4956722651737315,0.029405027509416343
mbazilian,33.0,45.0,7.541026467537225e-05,0.4696966188293794,0.012529039033059098
innisfreebooks,54.0,92.0,0.00033830172136908263,0.48573674092748736,0.021858166890263535
sepzilla,91.0,173.0,0.0009195671594471594,0.49717886780343884,0.033564955380367016
afbillings,76.0,148.0,0.0007717047443477671,0.48863882750509746,0.029242301024797447
flynnboulder,20.0,26.0,1.992699770736884e-05,0.4450934626049834,0.005321517231821412
rockymntnpols,146.0,434.0,0.009426968536107076,0.5246891660219131,0.04266135861978963
ztuylime,78.0,233.99999999999997,0.0009958940409521115,0.484298586254127,0.030248541490063747
markyv,106.0,23.999999999999996,8.464932170491016e-05,0.5036854426707664,0.038638432968602476
dog_rates,89.0,0.0,0.0,0.5134959316013382,0.023770982212371377
suzanne_garrett,22.0,147.0,0.0001205136416695669,0.45216820319925743,0.010058803217654897
zndx,31.0,101.0,0.00021971694313921926,0.4653537624675146,0.012929129300094011
jasonwienerpc,38.0,151.0,0.00029162054804773293,0.47898051978720757,0.017320151080477308
hegemommy,152.0,183.0,0.0045529397932642,0.533241556666117,0.052356667807353034
m_squared2,33.0,103.0,0.00015487606092275783,0.46634881684199964,0.01386088973039066
leestorrow,5.0,10.0,0.00014756681171596974,0.4562673570636859,0.0029717481495655416
jpetersjohnson,11.999999999999998,88.0,2.8397548387301273e-05,0.45310761082363266,0.00622874817145609
tedxboulder,107.0,91.0,0.0009875709237892585,0.5103645788060261,0.03850091930301095
phaedrapezzullo,75.0,120.0,0.000632347346206344,0.4908382520850154,0.027632777479594056
bouldercohealth,203.0,31.0,0.00041576283153018083,0.550746961304146,0.06042896144523631
wdsmeyer,20.0,34.0,2.9003633745463527e-05,0.45248090596772167,0.008580749073797933
forboulderkids,26.0,81.0,0.00011283441708758369,0.464362945372126,0.010268385771993425
erinoverturf,90.0,127.0,0.0008913071782999444,0.5002197171478024,0.032167555122580294
paulaikenbdc,102.0,40.0,0.00033902375202675964,0.5068066537794931,0.040518900104308
anthonyericgrav,53.0,144.0,0.0004956741563052855,0.4879100596788408,0.022923273242848433
benitaboulder,137.0,229.0,0.003219341084903737,0.5095696184029015,0.042767040347885935
senatorbennet,276.0,27.0,0.0007248668242625499,0.6035861531635844,0.07399677941656752
lindsey_loberg,56.0,97.00000000000001,0.0002864224499335212,0.4703719554488322,0.020668766533553456
repperlmutter,144.0,120.0,0.003309266139358187,0.5358619082959258,0.04823789778561238
boulder_fire,119.00000000000001,14.0,0.0003969385134192327,0.5139728122775534,0.03591457465285369
kencairn,18.0,16.0,4.753513732356251e-06,0.46141564882180924,0.010059025884508676
legalizeboulder,51.0,51.0,7.583070778990615e-05,0.4758453745667822,0.02002961657322273
conservationco,128.0,71.0,0.0005229710364795222,0.520101263934281,0.04424060900505424
askwpgirl,106.0,249.0,0.0013392786516480072,0.4941747658831764,0.036504409511092475
govofco,366.0,50.0,0.0016643938039805832,0.6542873900293256,0.09774687626625131
boulderbedrooms,301.0,532.0,0.029283075575302776,0.5953479436117612,0.07574393669533436
johnbearwithme,158.0,99.0,0.0014014601790575019,0.5354233960960111,0.05456196289782318
teddyweverka,17.0,87.0,7.826858194425281e-05,0.4650230206320722,0.009526371111839153
yimbytown,69.0,68.0,0.00025228986277650903,0.4796828372649014,0.025981927534719704
raffimercuri,106.0,139.0,0.001181244592047414,0.5060227301077537,0.03807649118325231
kniechatlarge,81.0,63.0,0.0001613081641105037,0.4986946570345469,0.030443671967827404
notfromshrek,114.0,81.0,0.0005686962791218959,0.4986946570345469,0.039429738255582124
aliceforco,102.0,166.0,0.0012212904863606916,0.5056316769932965,0.03604145781535657
albusbrooks,66.0,74.0,0.0002577914314187258,0.4926862876726849,0.02343436825297922
jmshrivermenv,22.0,122.0,0.00011536714160895409,0.46206736583991914,0.010864482373812918
natesilver538,224.0,15.0,0.002027059990385869,0.5800420124373453,0.056415516811183154
bldrfoodrescue,91.0,38.0,0.00013067242282068666,0.4949223827755867,0.03137532853720968
commutingsltns,87.0,140.0,0.001050644183073381,0.49755695059264304,0.03348394296935928
thecharlier,102.0,39.0,0.0001426902608674285,0.5002197171478024,0.036933506688474435
odarren1,115.99999999999999,145.0,0.0013784398628648871,0.5068066537794931,0.03914261472064355
nick_p,11.0,45.0,1.1020882853854018e-05,0.4506111501579377,0.006231092229843406
lynnguissinger,54.0,103.0,0.00023434191134689684,0.48286892253086755,0.02155771185517558
ediehooton,177.0,130.0,0.002192876204010352,0.5407333801895252,0.05861033541434959
ecobuildinc,69.0,124.0,0.0003077305874912609,0.4807401837100114,0.02783930558812726
bouldersmith,40.0,74.0,0.00015067989027662773,0.47863013169665364,0.01691706588176448
sellout,22.0,39.0,6.16022227543266e-05,0.4637047413389976,0.009138999158320215
bobbaskerville,15.0,43.0,1.2622309192604742e-05,0.4499913273929337,0.008061394901555054
svpboco,69.0,94.99999999999999,0.0003487734208901928,0.4807401837100114,0.02591193794504887
harlinsavage,11.0,54.0,8.062950842038426e-06,0.45248090596772167,0.006552903633019563
elise4boco,149.0,22.0,0.0002016237735857119,0.5272259387826959,0.05112356697850335
kellylwyatt85,16.0,47.99999999999999,5.5347208910603515e-05,0.460441513039638,0.006991731875670876
samassefa,23.999999999999996,45.0,2.0432668159001905e-05,0.4585055291025406,0.011633733130184738
cherryboulder,110.0,185.0,0.0011593981218858762,0.5060227301077537,0.04162410920483286
tayertweet,83.0,122.0,0.0004729784051291474,0.4945482917833148,0.033986497280022426
vikasreddy,109.0,178.0,0.0015312594732742686,0.5075930101080881,0.03628369178927956
johnny88keys,38.0,90.0,5.664779936263195e-05,0.463376338547681,0.017141430577001505
empowerboulder,41.0,73.0,0.00017331425100469087,0.4683517466208486,0.015877937536166706
gr_g_r,68.0,44.0,0.00018735159420260744,0.4871834624194531,0.026810677187057652
charliekkelly1,33.0,90.0,0.0001994743411672732,0.46868724214135066,0.01240302635984125
bryanlbowen,152.0,176.0,0.0015854489220949617,0.5221766879723267,0.05406852795514893
cbearc,30.0,83.0,7.643517912371785e-05,0.4703719554488322,0.014758003657971893
chrisgrealish,36.0,92.0,0.00016496609747347342,0.46634881684199964,0.013565652315259738
jacksonfox,30.0,88.0,0.00010039417483312717,0.4670145539110104,0.013325789509344398
crosbycj,30.0,68.0,4.2313150314137696e-05,0.46634881684199964,0.01419250049228645
elephantjournal,110.0,232.99999999999997,0.005310392552925638,0.5180422723905982,0.04045673803197163
sdsparn,56.0,95.99999999999999,0.00015434051471675418,0.4810936691392099,0.026443245376943973
bobbodybou,280.0,0.0,0.0,0.5917473404747613,0.07836339225963944
yoavlurie,93.99999999999999,112.0,0.0008355057819140385,0.5068066537794931,0.03563492872024099
lisafw,25.0,97.00000000000001,7.373697306943769e-05,0.46304840058692537,0.012184930741226778
desundial,36.0,71.0,7.678639982512286e-05,0.46304840058692537,0.015136021431812138
wjrigler,226.0,228.0,0.00445645656323446,0.5640408534735565,0.06947072064430651
lomay1984,52.0,63.0,0.00016932222118038422,0.47863013169665364,0.01898028824949069
lauraloveslux,57.99999999999999,63.0,0.00015963695936731674,0.4807401837100114,0.024057752378168994
boulderdems,112.0,143.0,0.00096362167014518,0.5099667887991626,0.04012776622092726
dash301,26.0,46.0,4.392038145644478e-05,0.46272092647052726,0.01127774636164989
oneboulder2015,57.0,75.0,0.00010108771958896185,0.47898051978720757,0.024239702129602064
slc_co,79.0,137.0,0.0005223561124072452,0.49755695059264304,0.034330381538145494
bethhartman,99.0,125.0,0.0009266688936986764,0.5040734900071846,0.038215907345353975
laughablebldr,188.99999999999997,179.0,0.0035661911595061715,0.5411806369142478,0.05701112760839732
jim_mapes,35.0,108.0,0.00010029123256659526,0.4640336099498763,0.01577853095276187
shellymboulder,84.0,72.0,0.00046199868211968574,0.49604805915794203,0.030310193329197953
nikkibot,88.0,28.0,8.455697626326106e-05,0.4919454060370869,0.0351808981655364
tommyvee22,67.0,90.0,0.00020773193269228745,0.4818022017888995,0.02870500247976462
bizwestmedia,119.00000000000001,54.0,0.0005748321267872147,0.512362873946222,0.04314432823801257
janburtonco,259.0,179.0,0.003886681077529803,0.5795282462615815,0.07771975237330082
kevhaitch,36.0,52.0,4.721310243974645e-05,0.4690232186590147,0.017075917892815685
bolderbekah,248.0,279.0,0.006510550948572435,0.5684512511114905,0.07345093126368969
singer4boco,187.99999999999997,186.0,0.003170010878854117,0.5452394916911045,0.0658746054788504
gnurps,28.999999999999996,36.0,1.5002750760623674e-05,0.4666814479524433,0.014309427132565321
boulderfuzz,86.0,112.0,0.0004302818704602891,0.49120674927126545,0.03346194208364628
sugaree303,49.00000000000001,87.0,0.00013603515687611535,0.47172847154241204,0.019723386305543756
hkoren,125.0,248.0,0.002430702846395777,0.5143768789538723,0.0426154949792739
bhccoops,159.0,243.0,0.004288180965518684,0.5217602791302437,0.04826373875398729
shayshinecastle,448.0,201.0,0.015707873579902585,0.6953107226666584,0.11371148507334737
bochaneighbors,136.0,134.0,0.0010613226913862705,0.5143768789538723,0.04628824943957062
1dapc,26.0,46.0,4.281851160265535e-05,0.46272092647052726,0.012196782424897213
mayawheelerco,120.0,240.0,0.0024143802843591914,0.5127644122486876,0.039519789849263506
surjboulder,67.0,32.0,8.234217363810454e-05,0.4893697756389869,0.025242026597170016
tellsue,67.0,49.00000000000001,0.00016671986887331844,0.4839403772406254,0.022797883431097253
harrysurden,33.0,32.0,5.532707226940077e-05,0.4796828372649014,0.015003582861004693
sandovalemily,100.0,191.99999999999997,0.001369516517591827,0.5079871040600353,0.038550368426487465
chlsrgrs,73.0,93.0,0.0003634702878936275,0.4871834624194531,0.028833603042238077
michaelbennet,113.0,42.0,0.0032824622156556646,0.5213445338879088,0.03854898134380695
elemdoubleu,186.99999999999997,238.00000000000003,0.003492644680712906,0.5376231635409413,0.059951460978141434
janehummer,132.0,270.0,0.002661428850777514,0.517632428820669,0.049619443030837235
dennymccloskey,56.0,179.0,0.00039388524462775535,0.4796828372649014,0.023325518419567044
jasenthorpe,155.0,113.0,0.0011992673767675128,0.5280769895313362,0.053564902575047896
climatevogel,38.0,41.0,4.024958742463451e-05,0.46568497510984025,0.014934362687621891
bldr_architect,36.0,91.0,0.00012655109194180565,0.47104923688216377,0.016197952421541897
alanawlsn,93.0,86.0,0.0004119342623817092,0.4871834624194531,0.03365628267450816
thmscwlls,164.0,259.0,0.0029728316756795713,0.529358729797189,0.053625131450949895
jordanrmann,86.0,103.0,0.0003991938139140175,0.49231556811837884,0.03361495047135587
duzer,88.0,62.0,0.00037504590745207254,0.49983757832645187,0.031322856762335205
kenharrison99,47.99999999999999,66.0,0.000103662310001476,0.47104923688216377,0.018676060477616576
bikechoir,88.0,213.0,0.0015064253601574662,0.4908382520850154,0.03257856111948494
mattsebastian,280.0,134.0,0.0047886094876254835,0.5942664759576072,0.08689797634341109
theboulderphil,42.0,74.0,0.00020868646357948505,0.47515424112514565,0.01611420575341037
derrelldurrett,15.0,46.0,2.4079968143344892e-05,0.45531481560843806,0.00806086303670673
ideapete,42.0,65.0,6.90085089140965e-05,0.46768219444555076,0.017190221741908113
fishnette,196.00000000000003,187.99999999999997,0.004031450955516714,0.5488988171386959,0.06882375706348583
lesleyforcu,205.0,250.0,0.005580591905598282,0.5526075929301736,0.06673417528005587
nwsboulder,309.0,10.0,0.00018659793291241669,0.6069456308249773,0.08651812898197764
mattpat1,15.0,32.0,8.442128870908422e-06,0.4546819944609628,0.008007023213240424
richardvalenty,77.0,159.0,0.0008689726425174653,0.49231556811837884,0.03082577410875711
aileencarrigan,41.0,62.0,8.778881069716358e-05,0.4680167310653258,0.01670509033717956
igniteboulder,212.0,225.0,0.005953243346221229,0.547520828476423,0.06479246245046
jenniferegbert,109.0,123.0,0.001660488746063137,0.5135693799288269,0.04082209914004791
robleathern,32.0,17.0,0.0001295301733973835,0.4758453745667822,0.012308700032516483
sarahkuta,141.0,115.99999999999999,0.0014759235440137285,0.5234299120234605,0.052263785416037815
sueprant,240.0,155.0,0.0026514610019912725,0.5655033621688207,0.07215939864434832
unicorn,260.0,263.0,0.011463533790129194,0.5868048341070184,0.08060362422879093
elaine,142.0,127.0,0.0016167761314035006,0.5225937620042537,0.04984800458351473
bouldercounty,367.0,41.0,0.001355933541084102,0.6439836516036669,0.1029102966578763
boulderpolice,296.0,68.0,0.0019199627664962964,0.6013670864240125,0.08132041361147616
boulderlibrary,198.0,76.0,0.0014377630407434205,0.5498213361590971,0.06243745230410562
bococlerk,169.0,86.0,0.000980231113099294,0.5367410910823015,0.0577719763125534
cuboulder,240.0,44.0,0.0012306471689167526,0.5724299125365928,0.07696784165625171
southwestee,45.0,70.0,0.00018048591105199722,0.47172847154241204,0.017125103466903355
bouldersymphony,72.0,203.0,0.001917827534208834,0.4949223827755867,0.027664553169111677
senmikefoote,152.0,69.0,0.0006301787326332751,0.5323737917244308,0.05070846544372565
bolderyoungpros,111.0,59.00000000000001,0.00029010470731444157,0.5002197171478024,0.038896192368299845
bmoca,85.0,46.0,0.0003298618711382039,0.49120674927126545,0.02998576408654957
boulderweekly,282.0,65.0,0.002268691223820095,0.5910455194483519,0.08508233307964444
bouldertheater,136.0,10.0,3.8607289317549754e-05,0.5143768789538723,0.042963211256531415
douginboulder,38.0,74.0,0.0001996665141700643,0.47863013169665364,0.017573670021237657
clnenergyaction,40.0,33.0,0.00012534057610940778,0.4666814479524433,0.014734392939062185
boulderchealth,109.0,84.0,0.0008844951286246419,0.5083818104345964,0.04111184180318798
edbyrneboulder,146.0,50.0,0.00035233842432055406,0.5164067798179365,0.04705648513508126
laurengifford,51.0,40.0,0.0001052046270254269,0.48215725131122,0.020570717530547105
repjaredpolis,146.0,47.99999999999999,0.00044284061107754117,0.5315088464901101,0.04576942997316718
elispat,100.0,163.0,0.0009985605440591997,0.5013696475320503,0.039298842155473655
boulderartscult,123.0,76.0,0.0010009624641490076,0.5127644122486876,0.04110718732004795
jamieharkins,127.0,138.0,0.0012328238846994121,0.5180422723905982,0.04626762818731763
coolenergyinc,5.0,7.0,2.7454205612537164e-06,0.43677395863105845,0.0025687203944809033
efaa_boulder,103.0,92.0,0.0006343694883626819,0.49907504960284177,0.03422291003430754
cosendem,186.99999999999997,156.0,0.0029526334114706007,0.5484387175434413,0.06077326870941341
boulderopera,27.0,74.0,6.595611023754792e-05,0.46272092647052726,0.010814843430375276
boulderparksrec,210.0,36.0,0.0008013633330337419,0.5549511365812769,0.0615292992623336
missbikesalot,77.0,90.0,0.0005513419201383669,0.4949223827755867,0.028932591357582714
bouldertomorrow,115.99999999999999,76.0,0.0004631850246674056,0.5048513811954671,0.03969316224635659
waylonlewis,102.0,141.0,0.0011273717919630423,0.5071995271545159,0.03769077509254953
cj_gauss,83.0,108.0,0.0004391355675530113,0.48900402842251534,0.033222426700028326
boonrs,154.0,220.0,0.002679743715582663,0.5259544935927054,0.054751442206654406
hydewright,93.0,64.0,0.0002314589895534957,0.5009857504053029,0.035423849831797354
bobmorehouse,26.0,8.0,2.1512147186748968e-05,0.4696966188293794,0.011754102953721242
boulderadvocacy,118.00000000000001,95.99999999999999,0.00041722458603009603,0.5068066537794931,0.044526483458631465
cohousedem,171.0,104.0,0.0010484944740421335,0.5411806369142478,0.05428061257215748
davekrieger,132.0,92.0,0.0010464336657188373,0.5217602791302437,0.047042399147101024
stutzmane,105.0,121.0,0.0011577000096705359,0.5083818104345964,0.04184891367324516
hickenlooper,250.0,33.0,0.0014013586745726058,0.5878592902329969,0.07367191920956047
scottholton,99.0,149.0,0.0009076747411198133,0.4941747658831764,0.03719738124773549
boulderhousing,103.0,39.0,0.00017287757869509655,0.5079871040600353,0.03948323977183875
stevefenberg,235.00000000000003,81.0,0.001306489131604991,0.5704336443150179,0.07444575269653352
ecocycle,88.0,90.0,0.0005089706915242674,0.49231556811837884,0.034865971629081415
rorowe,75.0,147.0,0.0007364229248852861,0.4926862876726849,0.028306133917798803
bouldershelter,79.0,47.99999999999999,0.0001939861288491279,0.49157580017229563,0.03060886553780215
actiondannyp,69.0,63.0,0.00020269218665451224,0.48465732594764854,0.02832235682959653
kcbecker,358.0,282.0,0.013573774351652869,0.6395771163532019,0.10481490515095765
lizinboulder,56.0,124.0,0.0006549533570534808,0.48501659750135323,0.022087500341805403
mitchellbyars,459.99999999999994,137.0,0.019736707198320234,0.7111819456840495,0.12199712305459483
joneszan,286.0,159.0,0.005099824988007721,0.5948067182084777,0.08450318622622714
tim_plass,75.0,101.0,0.00039297515262682367,0.48682097472420055,0.027979033975585283
crystalboulder,63.0,77.0,0.0005281169957366444,0.48501659750135323,0.02312253665512464
bikepedbrian,68.0,170.0,0.0006324668128317183,0.48465732594764854,0.027098070006824643
reginacowles,127.0,199.0,0.0028898714706273214,0.5180422723905982,0.047163061777093375
bouldertayer,217.0,175.0,0.004657276678424916,0.5587424338422934,0.06791773474467316
estrellaboulder,114.0,129.0,0.0006503887967475222,0.5083818104345964,0.045244919794495485
drcogorg,110.0,115.99999999999999,0.0010390481766300516,0.5083818104345964,0.04142211220055036
cmgosnell,101.0,104.0,0.0006212275215818252,0.4968013591718493,0.038308152104138585
alex_burness,412.0,88.0,0.0029025210424751162,0.6759167252369066,0.11395403669704068
willtoor,246.0,197.00000000000003,0.0045560513345885316,0.5734332953806534,0.07682677957554593
thehillboulder,85.0,97.00000000000001,0.000528615324978911,0.4926862876726849,0.031313312393394244
masalacoop,75.0,87.0,0.0004021774719225038,0.48754649033481784,0.0286486263127856
therayback,126.0,65.0,0.000696671389675992,0.5083818104345964,0.040052246325983906
ericmbudd,460.99999999999994,189.99999999999997,0.02563268701632178,0.7150681858243995,0.11532649022380503
boulderlatino,72.0,46.0,0.00015274807034112062,0.49231556811837884,0.028255391159317758
neweracolorado,163.0,100.0,0.0011859508299034306,0.5354233960960111,0.06060426090913276
marakabbott,100.0,67.0,0.0003254446724139458,0.5021392095390065,0.03515205787539567
commfound,130.0,112.0,0.001241109869525675,0.5159995189505723,0.04541255809607498
danicap,93.0,152.0,0.0006525301154144512,0.4956722651737315,0.03552695967379875
aliciawallace,133.0,178.0,0.003556209740170897,0.5259544935927054,0.04711218191894218
jerryshapins,102.0,184.0,0.0011143670301593683,0.4952970401433199,0.039043782944998405
sampweaver,301.0,269.0,0.013588121882688391,0.6041434810981768,0.08279721768885888
jaredpolis,411.0,207.0,0.01530811178169547,0.6822600521682227,0.11554348468331295
openboulder,207.0,116.99999999999999,0.001696755689428905,0.5456942368885117,0.06292790380983614
espinozaa,197.00000000000003,268.0,0.005302032541096336,0.5470630351415765,0.06879614045810173
tmoshea,75.0,92.0,0.00040483837264560597,0.48609761517780503,0.028634707788350953
hillarygriffith,32.0,46.0,6.113864648970397e-05,0.47003404456129705,0.01331464928773958
boulderchamber,260.0,99.0,0.0023390659988838606,0.5821062188873003,0.08407587370580055
bouldercountyos,206.0,30.0,0.0003963652526608244,0.550746961304146,0.06114737966138829
mcowlz,137.0,85.0,0.000634370157202682,0.5209294506602911,0.04734120513050148
planboulder,169.0,57.99999999999999,0.0008434888612094138,0.5323737917244308,0.05044502696301894
meltzere,302.0,249.0,0.009140100656255574,0.6035861531635844,0.09321114032171197
abetterboulder,356.0,398.0,0.024799499601496355,0.6309425169038819,0.09323360308522956
mimstah,106.0,173.0,0.0010657363547434482,0.49717886780343884,0.03707214524894064
zaneselvans,193.00000000000003,42.0,0.0008159648990588644,0.5452394916911045,0.06297678112904682
boulderbma,77.0,50.0,0.0002554248649447767,0.49047030736831,0.026015598020810066
communitycycles,252.0,250.0,0.008407150586693958,0.574944982451077,0.07566420784530056
dailycamera,462.99999999999994,78.0,0.004420709214410643,0.7119558106956752,0.12365904582891579
boulderosmp,226.0,28.0,0.00032391765822049055,0.5587424338422934,0.06376663659680275
boulderoem,361.0,27.0,0.0006914440093360923,0.6383291610042201,0.0974220357081501
bouldercolorado,458.99999999999994,72.0,0.004021223677129746,0.7073377189506221,0.11651286529866023
hc_richardson,66.0,51.0,0.0022267772951082387,0.49010291387964455,0.014405806807128664
teampelosi,64.0,21.0,0.0012290602893239631,0.49983757832645187,0.016296565961865427
bestofnextdoor,93.0,8.0,0.0002090816437905222,0.5079871040600353,0.02239809156208777
coloclover,17.0,26.0,1.660609064979845e-05,0.4506111501579377,0.007404656106220842
senjohnmorse,41.0,11.0,2.2634133537357716e-05,0.47549955670735866,0.015578313863769106
abbeywinter1,55.0,83.0,0.00022161890193480807,0.4879100596788408,0.020483053561129873
chrislhayes,172.0,15.0,0.0003287202206231126,0.5521412574087136,0.044185255521075203
noroof,17.0,11.999999999999998,4.949108918777753e-06,0.45154409249780925,0.007525776347909601
bouldercast,86.0,8.0,1.5010687598190784e-05,0.4952970401433199,0.023489137715270975
jonstewart,84.0,0.0,0.0,0.510578050545119,0.022072005385881874
asharangappa_,78.0,11.999999999999998,6.233204836872195e-05,0.5025248771346587,0.018586659586355917
gretathunberg,186.99999999999997,16.0,0.0002779752946086324,0.5582656911513016,0.045214759858604715
presssec,129.0,20.0,0.010454779677861147,0.5349856010051722,0.030592809556627052
jrpsaki,92.0,25.0,0.0006947956573096724,0.5115616810237104,0.021913752337001755
vp,267.0,2.0,1.4903837824053239e-05,0.6058216574345606,0.06412856859034882
whitehouse,211.0,2.0,1.146588594995328e-05,0.5769730070805339,0.051006367057145174
iamjohnoliver,159.0,2.0,1.573550857019604e-05,0.5443322712390395,0.03916522103844122
mikeyfriesen,38.0,57.0,8.071115576370935e-05,0.4591490456346144,0.014772112618639801
kamalaharris,318.0,11.0,0.002037411385268937,0.6339994089431449,0.07553322079974462
cmclymer,68.0,25.0,0.000403699094008277,0.4926862876726849,0.01791751822243056
berniceking,74.0,15.0,0.00038715469710164004,0.5006024407263394,0.019738568897087878
sea_stankk,27.0,57.99999999999999,3.868914905183222e-05,0.4660166595650467,0.012011749744527359
tayandersonco,218.0,98.00000000000001,0.0021435384165940925,0.5625858899650262,0.06071647166900757
thatmushroom,47.99999999999999,47.99999999999999,0.00010134201931853095,0.47003404456129705,0.0178515182760862
projectlincoln,142.0,16.0,0.0005270207672432039,0.529358729797189,0.030598271898539406
perkeliz,33.0,173.0,0.00017229018093517645,0.463376338547681,0.014177515003973858
sheisstocked,23.0,53.0,6.384871861195669e-05,0.4585055291025406,0.00960699663621165
krosenbarger7,23.0,84.0,5.340062806404306e-05,0.46868724214135066,0.012260001764981949
shannonrwatts,186.99999999999997,73.0,0.010047305996821142,0.5554222326225174,0.05195803589677899
lwidd,19.0,32.0,9.604287251648073e-06,0.4478353114505993,0.008444603068132285
danrather,135.0,34.0,0.0006258182048316404,0.5315088464901101,0.030858479105449393
preetbharara,158.0,49.00000000000001,0.008416068712252305,0.5438797922105781,0.038057775999922674
michelleobama,242.0,1.0,3.873260354799314e-06,0.5899796122897435,0.059582716718772306
tedlieu,138.0,60.0,0.006124299901910388,0.5336765008395803,0.03361039624762689
stephenking,69.0,9.0,4.957942769732977e-05,0.5006024407263394,0.015641189838757456
misterkerwin,52.0,299.0,0.0017723252285845733,0.47138860953121436,0.015291960946293785
fosterfox137,10.0,16.0,2.820627783686326e-06,0.4226662726287633,0.004397253576250435
drapryla,63.0,57.0,0.0001183715413983725,0.4879100596788408,0.021721568472632468
reghan_layne_,10.0,43.0,7.492068668472971e-06,0.4490647838224609,0.005832481790024506
marth_hm,7.0,35.0,6.759893413972092e-06,0.4405975690433168,0.00370544586154937
geochemandrew,7.0,94.99999999999999,1.3606356285162992e-05,0.44000496975744824,0.004289010374873443
a_pigott,42.0,54.0,9.563097256372635e-05,0.4594714817621668,0.015446112049489718
alaskajill,15.0,89.0,3.8869904750862266e-05,0.4581844467992476,0.0073210879176800235
mrfasthorse,30.0,90.0,6.099083875266064e-05,0.46634881684199964,0.013273760592122904
mosesbravo,4.0,64.0,6.666009790653998e-06,0.40239076877572294,0.0019268881110010808
mschreiner_mike,7.0,63.0,1.592840989523614e-05,0.4364825817407108,0.0036258044828983635
laurenbenet,42.0,112.0,0.0002501388992727154,0.47003404456129705,0.015343718842149117
kathygard,16.0,101.0,7.17675901462515e-05,0.4509217022945042,0.006534492891355976
andrewbaron,28.0,54.0,5.291442968929515e-05,0.4741212971226997,0.013339193191203436
kevinlehrer5h,14.0,85.0,2.5633216472998906e-05,0.43561077898090916,0.006323102487072794
davidpenzkover,13.0,89.0,4.839389384205063e-05,0.4388245405964625,0.006336275045396387
chaota,11.0,101.0,6.253506540502411e-05,0.44814204796529145,0.00526178182807846
josapagosa,36.0,109.0,0.00017697093320740226,0.4765385215071562,0.01320571717338807
floresne,57.99999999999999,103.0,0.0003047562869433211,0.4835826977304697,0.019547773294747398
boulderdsa,63.0,70.0,0.00020204256305540603,0.4748094267266513,0.021886758171150524
ucwcolorado,105.0,62.0,0.0005715442929691649,0.5002197171478024,0.03140707125463691
lisamharris,28.0,67.0,7.763382594193195e-05,0.460441513039638,0.010975007437435479
dougbachman,21.0,82.0,2.755230543867248e-05,0.4503010254847388,0.009644422779029285
scottlett,28.999999999999996,83.0,9.70714255487877e-05,0.46868724214135066,0.013197769556472286
idothethinking,27.0,2.9999999999999996,3.6926473491669237e-06,0.44268429636625545,0.008504072516772434
boulder_patch,26.0,102.0,0.00010653396283994462,0.4594714817621668,0.010205694785217491
keishabottoms,23.0,22.0,5.398517880044611e-05,0.4581844467992476,0.0054126502002595535
cuboulderpolice,134.0,20.0,7.711683794987354e-05,0.5209294506602911,0.042857023788159095
bldrcosheriff,187.99999999999997,25.0,0.0003815620315817551,0.5434280648084099,0.05180308641954472
carbonhound,11.999999999999998,55.0,3.3578159081607726e-05,0.45123268277884515,0.005917774927746817
adamswetlik,57.99999999999999,0.0,0.0,0.4758867299394563,0.01680830356432665
cindy4council,44.0,26.0,4.386440387314159e-05,0.4690232186590147,0.013189012592359097
marydoloyoung,87.0,1.0,1.6525259814384947e-05,0.49267852896885156,0.026410750018195067
callmex,136.0,9.0,0.00012804833671365044,0.530646707241951,0.03557825008329878
seancllns,91.0,45.0,0.0001793655900941574,0.4952970401433199,0.03269101919492756
togethr4boulder,49.00000000000001,14.0,3.3183945341930927e-05,0.46568497510984025,0.012862155084408822
ironstache,45.0,35.0,0.001482271115699219,0.4814476747824323,0.012784524017915912
chasbrennan,136.0,72.0,0.0007431765048400228,0.5230115028212035,0.047879669684831226
boulderna,31.0,23.0,3.24140554417016e-05,0.456904601975786,0.009800391481739678
chaspinrad,114.99999999999999,60.0,0.0004751628258140482,0.5068066537794931,0.03927731248282737
spacex,82.0,2.9999999999999996,0.0014827150344304092,0.5071995271545159,0.017144149034609854
elonmusk,152.0,2.0,6.052192378317717e-05,0.5452394916911045,0.03289687290270417
denverpost,306.0,31.0,0.0009388646830710932,0.6069456308249773,0.09077135627357513
coloradodems,156.0,93.99999999999999,0.0013737699771176057,0.5367410910823015,0.04956307477933305
pontifex,80.0,0.0,0.0,0.5039901559686176,0.018280042845039497
daniellemorrill,30.0,78.0,0.0003762203825005717,0.46011771450726124,0.007560995376223317
planetaryemc2,27.0,68.0,5.4814028929160046e-05,0.4617412773672022,0.011291324170108164
indivisiblefrr,104.0,30.0,0.00014867467557661213,0.5025248771346587,0.03228143053227867
saaketatsu,16.0,129.0,5.604565640519411e-05,0.41568449175941896,0.006433648213754668
firstbiteboco,11.999999999999998,42.0,1.743558444415773e-05,0.4540509299301357,0.0062806623598533244
oats23,31.0,49.00000000000001,5.225308370481132e-05,0.4591490456346144,0.013265425962960004
cdphe,215.0,30.0,0.0005359108445430931,0.5573146422737014,0.06363355374206421
dalailama,108.0,0.0,0.0,0.518772964890522,0.02425032652095982
foxtheatreco,80.0,10.0,2.0319992784340105e-05,0.4897360703812317,0.026241512671340207
aclu,189.99999999999997,19.0,0.0010308018023859986,0.5554222326225174,0.046861259469408244
senwarren,263.0,9.0,0.0005402011776831329,0.5969775456471949,0.06492154683763494
davidaxelrod,115.99999999999999,31.0,0.0010875687513883787,0.5238489912164335,0.03054633085513462
stephenathome,218.0,2.0,6.59184069632855e-05,0.5789016215435485,0.05320622533903246
neiltyson,161.0,1.0,1.388804963354549e-05,0.5466869964244309,0.03668663773218711
jessieciulla,9.0,46.0,2.3456299324212474e-05,0.4307356089725645,0.003469110430103589
julieklundquist,27.0,107.0,0.0001492121260280286,0.4585055291025406,0.009963729310916714
stacyfeldmanbrl,84.0,269.0,0.0015027111507157633,0.48754649033481784,0.029584748752443314
dcwoodruff,161.0,91.0,0.0009547560128402303,0.5328073208707863,0.05322964760615813
ryanbonick,35.0,63.0,5.378351211838108e-05,0.45594940071730006,0.014401239874416917
beckymasond,47.99999999999999,140.0,0.00018790248902877225,0.4650230206320722,0.018496618607708144
safeboulder,86.0,77.0,0.0004051226484853545,0.48682097472420055,0.02600163722317574
sierraclubipg,38.0,42.0,2.5326023426087555e-05,0.46734813573523254,0.015977538845510567
brendanjkelley,16.0,63.0,0.00018480945761435117,0.4453964533896021,0.006402924592692639
folkertslauren,10.0,19.0,4.2162601224861916e-06,0.4076556947223212,0.0037742306788279795
bonh_coalition,93.99999999999999,295.0,0.003101952018751442,0.49342940424534354,0.027510700644859644
marceelias,62.0,14.0,0.00022441494073914949,0.49305756596030564,0.015546960816235324
ossoff,106.0,27.0,0.0014122866824126518,0.5103645788060261,0.02393727930946136
taylorswift13,70.0,0.0,0.0,0.4960300835876873,0.018029221898374585
ilhanmn,163.0,28.999999999999996,0.0009599378395888597,0.542077373677983,0.039996993429136075
maddowblog,87.0,14.0,0.0003330054681003266,0.5119619640292062,0.021424325760547123
coloradopols,132.0,25.0,0.000401099752435042,0.5272259387826959,0.0444867290844844
aoc,341.0,41.0,0.004285585367871684,0.6427184577891213,0.07882653811085256
rashidatlaib,121.0,28.999999999999996,0.0019194223678224767,0.5234299120234605,0.030429812695914462
acosta,132.0,34.0,0.006306518128719303,0.5319409675035167,0.03450427111408946
hillaryclinton,252.0,17.0,0.0017076933870664413,0.5942664759576072,0.06392634286287277
jysexton,39.0,22.0,8.077258501634002e-05,0.45882706173164484,0.008774708556385114
noaa,64.0,2.0,0.002932390719430167,0.5044621357203743,0.017420408064109875
